886166841066,DP059KGSWM,5T,?? 25.03.2016
886166841059,DP059KGSWM,4T,
886166841042,DP059KGSWM,3T,
886166841035,DP059KGSWM,24M,
886166841028,DP059KGSWM,18M,
886166841011,DP059KGSWM,12M,
886166958740,21LM055GGSZA,6,
886166958757,21LM055GGSZA,8,
886166958733,21LM055GGSZA,4,
886166909452,21FZ244ELLZA,2T,
886166909469,21FZ244ELLZA,3T,
886166842292,MV030BZSJC,6,
886166947904,FZ263GLLKL,8,
886166947799,FZ263GLLKL,6,
886166978984,FZ283GLLMA,8,
889799032528,21FZ354GGSZA1,8,
889799032511,21FZ354GGSZA1,6,
889799032504,21FZ354GGSZA1,4,
886166975716,21ST050BCLZA,10,
886166975730,21ST050BCLZA,6,
886166998197,21US071BCLVF,8,
886166957354,21RY006TGSZA,4T,
886166957347,21RY006TGSZA,3T,
886166957330,21RY006TGSZA,2T,
886166964734,21DP137GSLZA,8,
886166964727,21DP137GSLZA,6,
886166964710,21DP137GSLZA,4,
886166892020,21LM039TGSZA,4T,
886166892013,21LM039TGSZA,3T,
886166892006,21LM039TGSZA,2T,
886166922918,21DM240BLLDZ,4,
886166922949,21DM240BLLDZ,10,
423345270012,K157524PN,S,
886166909971,21DM206BLLDZ,10,
886166909940,21DM206BLLDZ,4,
886166909957,21DM206BLLDZ,6,
886166939336,21DM249BCLZA,8,
886166939329,21DM249BCLZA,6,
000716397791,K157879SM,4T,
000716397777,K157879SM,2T,
492170255371,S5068DSLTG,5T,
889799036915,21DP148GGSZA,4,
889799036922,21DP148GGSZA,6,
889799036939,21DP148GGSZA,8,
886166958535,21DP136GGSDZ,4,
886166958542,21DP136GGSDZ,6,
886166958559,21DP136GGSDZ,8,
886166741793,21DY044TCLZA,2T,
889799010281,21MI049TRDZA,2T,
886166969043,21DP130GLLDZ,6,
886166777600,21S5029BLLDZ,8,
886166758661,21SP006BLLDZ,6,
886166758678,21SP006BLLDZ,8,
886166758685,21SP006BLLDZ,10,
886166758517,21BM021BLLDZ,8,
886166949595,MV041BCLKL,4,
886166950706,MV041BCLKL,6,
886166950690,MV041BCLKL,10,
886166947058,21MV167TCLZA,2T,
886166947065,21MV167TCLZA,3T,
886166947072,21MV167TCLZA,4T,
492170244085,K166994PN,4T,
492170244078,K166994PN,3T,
492170244061,K166994PN,2T,
886166974429,21DP119TLLDZ,3T,
886166757589,21NJ038BLLDZ,6,
886166757909,21NJ038BLLDZ,10,
886166966974,21CI020GGSDZ,8,?? 18.03.2016
490750125748,F14B200SH,L,
045299077296,GIRLS 3PC SET HK,8,
886166978960,FZ283GLLMA,4,
886166978977,FZ283GLLMA,6,
886166978984,FZ283GLLMA,8,
886166978953,FZ283GLLMA,10,
886166947782,FZ263GLLKL,4,
886166947799,FZ263GLLKL,6,
886166947904,FZ263GLLKL,8,
886166947911,FZ263GLLKL,10,
000716363994,K157861PP,3T,
889799038865,21FZ374GRDZA,6,
886166979127,21AX036BCLZA,6,
492170295964,MV044DBFTG,3T,
492170295971,MV044DBFTG,4T,
492170244092,K166994PN,5T,
886166988662,21FZ250TCLSH,3T,
886166988655,21FZ250TCLSH,4T,
490750135488,ST078BLLTG,10,?? 15.03.2016
490750135471,ST078BLLTG,8,
000716417987,K182277PP,4T,
886166967513,21DP136GGSDZ,4,
886166967520,21DP136GGSDZ,6,
045299076527,3 TODDLER BOYS,4T,
889799038827,21FZ373GRDZA,8,
000716364007,K157861PP,4T,
000776363994,K157861PP,3T,
886166823789,S5057BZSZA,4,
886166823802,S5057BZSZA,8,
886166823741,21NJ217BCLVF,4,
886166998975,21AX028BLLDZ,6,
886166998982,21AX028BLLDZ,8,
886166947911,FZ263GLLKL,10,
886166947799,FZ263GLLKL,6,
886166821242,21DY070TDSZA,2T,
886166821259,21DY070TDSZA,3T,
886166821266,21DY070TDSZA,4T,
886166858897,GIRLS 3PC SET MINNI BLINGS,,
886166858880,GIRLS 3PC SET MINNI BLINGS,,
886166858873,GIRLS 3PC SET MINNI BLINGS,,
886166973729,21PT079GLLBN,4,
886166973736,21PT079GLLBN,6,
886166973743,21PT079GLLBN,8,
886166973712,21PT079GLLBN,10,
490750135525,NJ251BLLTG,10,
490750135501,NJ251BLLTG,6,
886166949595,MV041BCLKL,4,
886166950706,MV041BCLKL,6,
886166950713,MV041BCLKL,8,
886166950690,MV041BCLKL,10,
886166979165,21ST074BCLZA,4,
886166979172,21ST074BCLZA,6,
886166979158,21ST074BCLZA,10,
886166979189,21ST074BCLZA,8,
032281682125,HOODED TOWEL,NEMO,
886166976324,21MW155TCLZA,2T,
886166976331,21MW155TCLZA,3T,
886166976348,21MW155TCLZA,4T,
886166975730,21ST050BCLZA,6,
886166975723,21ST050BCLZA,4,
886166975747,21ST050BCLZA,8,
886166975716,21ST050BCLZA,10,
764254979764,21NJ217BCLVF,6,?? 08.03.2016
764254979740,21NJ217BCLVF,10,
886166998166,21US071BCLVF,10,
886166998180,21US071BCLVF,6,
764254979771,21NJ217BCLVF,8,
886166917020,21DM221BLLDZ,8,
000716313487,K157468BM,S,
889799075051,21TE062ERDZA1,2T,
889799075075,21TE062ERDZA1,4T,
889799010298,21MI049TRDZA,3T,
889799038872,21FZ374GRDZA,8,
889799038889,21FZ374GRDZA,10,
886166932184,21DM194ECLDZ,4T,
886166932160,21DM194ECLDZ,2T,
886166951819,21DM203GCLDZ,8,
886166999538,21WN031ECLDZ,3T,
886166999545,21WN031ECLDZ,4T,
886166999392,21MK103ECLDZ,4T,
886166999521,21WN031ECLDZ,2T,
886166777594,21S5029BLLDZ,6,
886166777600,21S5029BLLDZ,8,
886166966981,21DP134GGSDZ,4,
045299032219,peppa,2T/3T,
045299032226,peppa,4T,
490750135563,AX038BLLTG,10,
490750135549,AX038BLLTG,6,
886166970186,21AX028BLLDZ,10,
000716297787,K166384MM,S,
492170253636,CI011,5T,?? 03.03.2016
794434145139,SOR40181ST,,
886166842513,NJ162BZSJC,10,
492170253629,CU011,4T,
886166947799,FZ263GLLKL,6,
886166574865,F14B200SH,L,
490750135471,ST078BLLTG,8,
886166967513,21DP136GGSDZ,4,
794434086081,21BM030BLLZA,8,
886166842490,NJ162BZSJC,6,
490750135464,ST078BLLTG,6,
490750135556,AX038BLLTG,8,
886166947904,FZ263GLLKL,8,
886166837458,DM068GZSMA,8,
886166837441,DM068GZSMA,6,
886166572489,F14B200SH,S,
000716313418,K157469BM,X/S,
886166947782,FZ263GLLKL,4,
889799000817,21DM199BCLDZ,6,
886166947911,FZ263GLLKL,10,
000716313470,K157468BM,X/S,
886166842797,K157528MM,S,
886166932177,21DM194ECLDZ,3T,
886166971633,21DM221BLLDZ,4,
490750125731,F14B200SH,M,
886166822256,21JP013EZSDZ,4T,
000716313234,K157447SM,3T,
764254953658,21ST113BLLZA,10,
000716417963,K182277PP,2T,
000716417970,K182277PP,3T,
000716417970,K182277PP,4T,
794434154209,MNR41157ST,,
886166988655,21FZ250TCLSH,3T,
886166777310,21MW043TRLZA,4T,
886166969050,21DP130GLLDZ,8,
045299032219,GIRLS  PANTIES PEPPA,2T/3T,4/12/2016
045299032226,GIRLS  PANTIES PEPPA,4T,
886166969036,21DP130GLLDZ,4,
032281681197,HI01-06/14 18427,HOODED TOWEL,
032281681845,RI12-Q3/14L-18812,HOODED TOWEL,
886166842179,DM1JCBZS18,12,
886166909803,21US094BLLZA,4,
886166909810,21US094BLLZA,6,
886166909827,21US094BLLZA,8,
886166897889,21TE051ELLZA,2T,
886166897896,21TE051ELLZA,3T,
886166897902,21TE051ELLZA,4T,
889799003641,21ST113BLLZA,8,
886166982912,FZ364TBFKL,4T,4/8/2016
886166909476,21FZ244ELLZA,4T,
886166718238,21A2029BLLZA,8,
889799049748,21LM057TGSZA,2T,
889799049755,21LM057TGSZA,3T,
889799049762,21LM057TGSZA,4T,
886166909995,21NJ228BLLDZ,6,
794434185906,TMR52441ST,UMBRELLA,
794434190580,RRR53046ST,UMBRELLA,
000716314361,K157544JK,4T,
000716315573,K157572PN,S,
794434197992,FZR58348ST,UMBRELLA,
888393067011,493258BLUE,6X,
828393067048,493258PINK,42496,
888393066991,493558BLUE,4,
888393067080,493258PURPLE,4,
888393066847,493257PURPLE,4,
888393067097,493258PURPLE,6X,
