Style;Size;Qty;price
21S5050ESLZA;SM;4;4
21S5050ESLZA;M;8;4
21S5050ESLZA;L;8;4
21S5050ESLZA;XL;4;4
S4PBA59BM;4;4;4
S4PBA59BM;6;8;4
S4PBA59BM;8;8;4
S4PBA59BM;10;4;4
K157355MI;4;32;4
K157355MI;6;32;4
K157355MI;8;32;4
21S5050ESLZA;2T;8;4
21S5050ESLZA;3T;8;4
21S5050ESLZA;4T;8;4
K157818FC;4;8;4
K157818FC;6;8;4
K157818FC;8;8;4
K157780SC;2T;8;4
K157780SC;3T;8;4
K157780SC;4T;8;4
K157808JL;2T;8;4
K157808JL;3T;8;4
K157808JL;4T;8;4
K157535PN;2T;100;4
K157535PN;3T;100;4
K157535PN;4T;100;4
K157467MM;XS;40;4
K157467MM;SM;40;4
K157467MM;M;40;4
K166384MM;SX;12;4
K166384MM;S;12;4
K166384MM;M;12;4
K166994PN;3T;84;4
K166994PN;4T;120;4
K166994PN;5T;132;4
K157738AL;2T;40;4
K157738AL;3T;40;4
K157738AL;4T;40;4
K157767BB;XS;80;4
K157767BB;S;80;4
K157767BB;M;80;4
K157527MM;XS;40;4
K157527MM;S;40;4
K157527MM;M;40;4
21DE349SLKPZA;2T;12;4
21DE349SLKPZA;3T;12;4
21DE349SLKPZA;4T;12;4
21S5056BPTZA;S;20;4
21S5056BPTZA;M;40;4
21S5056BPTZA;L;40;4
21S5056BPTZA;XL;20;4
21NJ016BHPZA;;150;4
21FZ011GLVPWM;12M;40;4
21FZ011GLVPWM;18M;40;4
21FZ011GLVPWM;24M;40;4
21FZ011GLVPWM;3T;120;4
21FZ011GLVPWM;4T;120;4
21FZ011GLVPWM;5T;120;4
K157451PN;2T;200;4
K157451PN;3T;200;4
K157451PN;4T;200;4
K157452PN;2T;120;4
K157452PN;3T;120;4
K157452PN;4T;120;4
K157453PN;2T;160;4
K157453PN;3T;160;4
K157453PN;4T;160;4
K157166LM;XS ;16;4
K157166LM;S;16;4
K157166LM;M;16;4
K157432PN;12M;50;4
K157432PN;18M;50;4
K157432PN;24M;50;4
K157497PL;2T;20;4
K157497PL;3T;20;4
K157497PL;4T;20;4
K157789FZ;2T;8;4
K157789FZ;3T;8;4
K157789FZ;4T;8;4
;;;4
;;;4
;;;4
;;;4
;;;4
;;;4
;;;4
;;;4
;;;4
